"customer_id","arrival_time","server1_start","server1_end","server2_start","server2_end","server1_wait","server1_service","server2_wait","server2_service","total_time_in_system","total_wait_time"
1,0.0221543004736304,0.0221543004736304,0.0533133232895174,0.0533133232895174,0.0602664287363999,0,0.031159022815887,0,0.00695310544688255,0.0381121282627695,0
2,0.0488480646384969,0.0533133232895174,0.0877147209957111,0.0877147209957111,0.135024105112303,0.00446525865102053,0.0344013977061937,0,0.0473093841165918,0.086176040473806,0.00446525865102053
3,0.0492530321436269,0.0877147209957111,0.122378130426847,0.135024105112303,0.250993329664185,0.0384616888520842,0.034663409431136,0.0126459746854558,0.115969224551882,0.201740297520558,0.05110766353754
4,0.0534730666954351,0.122378130426847,0.137900587569208,0.250993329664185,0.303028842623532,0.068905063731412,0.0155224571423605,0.113092742094978,0.0520355129593468,0.249555775928097,0.18199780582639
5,0.243531057048389,0.243531057048389,0.334748745737944,0.334748745737944,0.388314638529171,0,0.0912176886895552,0,0.0535658927912264,0.144783581480782,0
6,0.264037430499791,0.334748745737944,0.399100038690057,0.399100038690057,0.40364275951035,0.0707113152381534,0.0643512929521124,0,0.00454272082029272,0.139605329010559,0.0707113152381534
7,0.270610974459374,0.399100038690057,0.401547514085222,0.40364275951035,0.427243011180345,0.128489064230683,0.00244747539516538,0.00209524542512735,0.0236002516699955,0.156632036720971,0.13058430965581
8,0.279180021625246,0.401547514085222,0.480283878233724,0.480283878233724,0.552237776711548,0.122367492459977,0.0787363641485017,0,0.0719538984778238,0.273057755086302,0.122367492459977
9,0.352275667554169,0.480283878233724,0.481497324735366,0.552237776711548,0.632553667149927,0.128008210679555,0.00121344650164246,0.0707404519761813,0.0803158904383791,0.280277999595758,0.198748662655736
10,0.365590511348335,0.481497324735366,0.515305616344437,0.632553667149927,0.634952023249717,0.115906813387031,0.0338082916090701,0.11724805080549,0.00239835609979067,0.269361511901382,0.233154864192521
11,0.391158152852267,0.515305616344437,0.520713944929763,0.634952023249717,0.666860419182705,0.12414746349217,0.00540832858532669,0.114238078319954,0.0319083959329873,0.275702266330438,0.238385541812124
12,0.421128103147542,0.520713944929763,0.536616637721769,0.666860419182705,0.677413121770734,0.0995858417822213,0.0159026927920058,0.130243781460936,0.0105527025880292,0.256285018623192,0.229829623243157
13,0.50785134926736,0.536616637721769,0.542663338353037,0.677413121770734,0.710847377005631,0.0287652884544088,0.00604670063126833,0.134749783417697,0.0334342552348972,0.202996027738271,0.163515071872105
14,0.560272337146015,0.560272337146015,0.574794749937864,0.710847377005631,0.71980831366651,0,0.0145224127918482,0.136052627067768,0.00896093666087838,0.159535976520494,0.136052627067768
15,0.563637994874707,0.574794749937864,0.588115204031491,0.71980831366651,0.727373664065711,0.0111567550631562,0.0133204540936276,0.131693109635018,0.00756535039920103,0.163735669191003,0.142849864698175
16,0.589143510954095,0.589143510954095,0.619868560636659,0.727373664065711,0.84988793644748,0,0.030725049682564,0.107505103429052,0.122514272381769,0.260744425493385,0.107505103429052
17,0.624618662299357,0.624618662299357,0.680800127665554,0.84988793644748,0.954350743228521,0,0.0561814653661974,0.169087808781926,0.10446280678104,0.329732080929164,0.169087808781926
18,0.754336514592768,0.754336514592768,0.777599615014426,0.954350743228521,0.993048024752822,0,0.0232631004216585,0.176751128214094,0.0386972815243012,0.238711510160054,0.176751128214094
19,0.806175781804907,0.806175781804907,0.840076205114343,0.993048024752822,0.997772716547955,0,0.0339004233094368,0.152971819638478,0.00472469179513357,0.191596934743049,0.152971819638478
20,0.898103691669719,0.898103691669719,0.899207109012248,0.997772716547955,1.02850824168756,0,0.00110341734252872,0.0985656075357071,0.0307355251396075,0.130404550017843,0.0985656075357071
21,0.908986132979522,0.908986132979522,0.920455509980756,1.02850824168756,1.06892536471485,0,0.0114693770012335,0.108052731706807,0.0404171230272852,0.159939231735326,0.108052731706807
22,0.938337220244416,0.938337220244416,0.955875722563201,1.06892536471485,1.0854771160323,0,0.0175385023187846,0.113049642151647,0.0165517513174565,0.147139895787888,0.113049642151647
23,0.956756393724028,0.956756393724028,0.965434860182833,1.0854771160323,1.1093392481597,0,0.00867846645880488,0.120042255849471,0.0238621321273969,0.152582854435673,0.120042255849471
24,0.960377980070746,0.965434860182833,0.999543477591645,1.1093392481597,1.11467494182641,0.00505688011208683,0.0341086174088112,0.109795770568057,0.00533569366671149,0.154296961755666,0.114852650680144
25,1.01993002729851,1.01993002729851,1.08019646011402,1.11467494182641,1.13309301541074,0,0.0602664328155047,0.0344784817123938,0.0184180735843256,0.113162988112224,0.0344784817123938
26,1.12701623809568,1.12701623809568,1.14005202712535,1.14005202712535,1.3890089685251,0,0.0130357890296728,0,0.248956941399754,0.261992730429427,0
27,1.13116025124093,1.14005202712535,1.16803142421928,1.3890089685251,1.42307996062236,0.0088917758844147,0.0279793970939306,0.220977544305824,0.0340709920972586,0.291919709381427,0.229869320190238
28,1.15232487029434,1.16803142421928,1.19356035051758,1.42307996062236,1.45679272382194,0.0157065539249417,0.0255289262983032,0.229519610104779,0.0337127631995826,0.304467853527606,0.245226164029721
29,1.1567520763771,1.19356035051758,1.22470148636724,1.45679272382194,1.50971325781592,0.0368082741404869,0.0311411358496609,0.232091237454701,0.0529205339939749,0.352961181438823,0.268899511595188
30,1.17775406925733,1.22470148636724,1.25104101235617,1.50971325781592,1.51452678406241,0.0469474171099142,0.0263395259889279,0.258672245459748,0.00481352624649523,0.336772714805085,0.305619662569662
31,1.18454114111614,1.25104101235617,1.26525906674668,1.51452678406241,1.56617484269217,0.0664998712400318,0.0142180543905124,0.24926771731573,0.0516480586297523,0.381633701576027,0.315767588555762
32,1.39744847332155,1.39744847332155,1.4035371147905,1.56617484269217,1.70129056627716,0,0.00608864146895116,0.162637727901669,0.135115723584996,0.303842092955616,0.162637727901669
33,1.40499015032487,1.40499015032487,1.54606707716709,1.70129056627716,1.80908712789572,0,0.141076926842221,0.155223489110075,0.107796561618553,0.404096977570849,0.155223489110075
34,1.43842495458573,1.54606707716709,1.55466634726966,1.80908712789572,1.87363758755793,0.107642122581362,0.00859927010256789,0.25442078062606,0.0645504596622146,0.435212632972205,0.362062903207422
35,1.50678818933726,1.55466634726966,1.60157957209836,1.87363758755793,1.89421282762186,0.0478781579323917,0.046913224828703,0.272058015459572,0.0205752400639285,0.387424638284595,0.319936173391964
36,1.51509525177915,1.60157957209836,1.62218513397596,1.89421282762186,1.93206611876323,0.0864843203192096,0.0206055618776009,0.2720276936459,0.0378532911413674,0.416970866984077,0.358512013965109
37,1.53990965091582,1.62218513397596,1.63625238606802,1.93206611876323,1.97031300950788,0.0822754830601367,0.0140672520920635,0.295813732695204,0.0382468907446536,0.430403358592057,0.37808921575534
38,1.61947868102144,1.63625238606802,1.64005319211942,1.97031300950788,2.02150109822644,0.0167737050465855,0.00380080605139854,0.330259817388459,0.0511880887185641,0.402022417205007,0.347033522435044
39,1.68294507596045,1.68294507596045,1.69408979405016,2.02150109822644,2.08165402959605,0,0.01114471808971,0.327411304176285,0.0601529313696032,0.398708953635598,0.327411304176285
40,1.69055470974762,1.69408979405016,1.69477797602134,2.08165402959605,2.15195414659018,0.00353508430254279,0.000688181971179924,0.386876053574708,0.0703001169941322,0.461399436842563,0.390411137877251
41,1.76466151734237,1.76466151734237,1.76475698847918,2.15195414659018,2.18736191495512,0,9.54711368108541e-05,0.387197158110998,0.035407768364939,0.422700397612747,0.387197158110998
42,1.77283153622411,1.77283153622411,1.83279344617137,2.18736191495512,2.33282726807801,0,0.059961909947259,0.354568468783752,0.145465353122892,0.559995731853903,0.354568468783752
43,1.79712075610822,1.83279344617137,1.88766989386136,2.33282726807801,2.44069812278846,0.0356726900631459,0.054876447689993,0.445157374216651,0.107870854710447,0.643577366680236,0.480830064279797
44,1.93910237590957,1.93910237590957,1.95960812028673,2.44069812278846,2.44139716785788,0,0.020505744377151,0.481090002501732,0.000699045069420645,0.502294791948304,0.481090002501732
45,1.95995195911898,1.95995195911898,2.02030805119693,2.44139716785788,2.49919008861473,0,0.0603560920779533,0.421089116660947,0.0577929207568473,0.539238129495748,0.421089116660947
46,1.963762031045,2.02030805119693,2.02159916755657,2.49919008861473,2.50399997804491,0.0565460201519272,0.00129111635964385,0.477590921058151,0.00480988943018001,0.540237946999902,0.534136941210078
